Patient_ID,Age,Department,Length_of_Stay,Cost,Month,Gender
P001,45,ICU,7,2500,January,Male
P002,67,Emergency,2,800,January,Female
P003,34,Cardiology,5,1800,January,Male
P004,78,Surgery,8,3200,January,Female
P005,23,Pediatrics,3,1200,January,Male
P006,56,ICU,6,2500,February,Female
P007,89,Emergency,2,800,February,Male
P008,41,Cardiology,6,1800,February,Female
P009,62,Surgery,9,3200,February,Male
P010,19,Pediatrics,2,1200,February,Female
P011,73,ICU,8,2500,March,Male
P012,48,Emergency,3,800,March,Female
P013,55,Cardiology,5,1800,March,Male
P014,81,Surgery,10,3200,March,Female
P015,29,Pediatrics,4,1200,March,Male
P016,64,ICU,7,2500,April,Female
P017,37,Emergency,2,800,April,Male
P018,71,Cardiology,6,1800,April,Female
P019,58,Surgery,8,3200,April,Male
P020,15,Pediatrics,3,1200,April,Female
P021,82,ICU,9,2500,May,Male
P022,44,Emergency,2,800,May,Female
P023,69,Cardiology,7,1800,May,Male
P024,53,Surgery,8,3200,May,Female
P025,26,Pediatrics,3,1200,May,Male
P026,75,ICU,8,2500,June,Female
P027,39,Emergency,2,800,June,Male
P028,66,Cardiology,5,1800,June,Female
P029,84,Surgery,10,3200,June,Male
P030,21,Pediatrics,2,1200,June,Female
